[
  {
    "id": "d88a845b-af5b-4689-8a94-aee3bcc33376",
    "data": [
      {
        "text": "videos",
        "userDefined": false
      }
    ],
    "isTemplate": false,
    "count": 0,
    "lang": "en",
    "updated": 0
  },
  {
    "id": "ea18c82f-cdda-49fa-aa72-89be5ecc2202",
    "data": [
      {
        "text": "videos of covid",
        "userDefined": false
      },
      {
        "text": "19",
        "meta": "@sys.ignore",
        "userDefined": false
      }
    ],
    "isTemplate": false,
    "count": 0,
    "lang": "en",
    "updated": 0
  },
  {
    "id": "889a823b-9bd2-40ef-8533-8bd4a8a5b0e1",
    "data": [
      {
        "text": "videos of covid",
        "userDefined": false
      }
    ],
    "isTemplate": false,
    "count": 0,
    "lang": "en",
    "updated": 0
  },
  {
    "id": "89e13a4a-2a93-47e5-a95b-cdf3e0fd5e58",
    "data": [
      {
        "text": "videos on corona",
        "userDefined": false
      }
    ],
    "isTemplate": false,
    "count": 0,
    "lang": "en",
    "updated": 0
  },
  {
    "id": "2b79310a-1e6c-4553-a845-2008088c26c5",
    "data": [
      {
        "text": "Govt announcements",
        "userDefined": false
      }
    ],
    "isTemplate": false,
    "count": 0,
    "lang": "en",
    "updated": 0
  },
  {
    "id": "389b2fab-a7f2-4885-8b5a-2fadb40af4c7",
    "data": [
      {
        "text": "video",
        "userDefined": false
      }
    ],
    "isTemplate": false,
    "count": 0,
    "lang": "en",
    "updated": 0
  },
  {
    "id": "2c745bfb-5662-46c8-989b-ef1540430465",
    "data": [
      {
        "text": "covid 19 videos",
        "userDefined": false
      }
    ],
    "isTemplate": false,
    "count": 0,
    "lang": "en",
    "updated": 0
  },
  {
    "id": "785bfa54-5f62-489b-8040-798b87fee732",
    "data": [
      {
        "text": "video of coronavirus",
        "userDefined": false
      }
    ],
    "isTemplate": false,
    "count": 1,
    "lang": "en",
    "updated": 0
  }
]