[
  {
    "id": "b0ee09fc-93c1-40f8-9080-c3efeec4f995",
    "data": [
      {
        "text": "Haryana",
        "meta": "@sys.geo-state",
        "alias": "geo-state",
        "userDefined": false
      }
    ],
    "isTemplate": false,
    "count": 0,
    "lang": "en",
    "updated": 0
  },
  {
    "id": "35543252-5839-44c9-adcd-46ca1e535b8b",
    "data": [
      {
        "text": "Gujarat",
        "meta": "@sys.geo-state",
        "alias": "geo-state",
        "userDefined": false
      }
    ],
    "isTemplate": false,
    "count": 0,
    "lang": "en",
    "updated": 0
  },
  {
    "id": "774143d2-97bb-4e89-aa17-48230c76d74e",
    "data": [
      {
        "text": "Punjab",
        "meta": "@sys.geo-state",
        "alias": "geo-state",
        "userDefined": false
      }
    ],
    "isTemplate": false,
    "count": 0,
    "lang": "en",
    "updated": 0
  },
  {
    "id": "ab416989-bc57-48bf-8c42-d3b3dff6528d",
    "data": [
      {
        "text": "Karnataka",
        "meta": "@sys.geo-state",
        "alias": "geo-state",
        "userDefined": false
      }
    ],
    "isTemplate": false,
    "count": 0,
    "lang": "en",
    "updated": 0
  },
  {
    "id": "f24c91a0-dacf-4265-9be2-8d1a31be639b",
    "data": [
      {
        "text": "Kerala",
        "meta": "@sys.geo-state",
        "alias": "geo-state",
        "userDefined": false
      }
    ],
    "isTemplate": false,
    "count": 0,
    "lang": "en",
    "updated": 0
  }
]