[
  {
    "id": "1f93e6dc-b4fe-4b81-9bee-ee2e1ded8975",
    "data": [
      {
        "text": "District cases",
        "userDefined": false
      }
    ],
    "isTemplate": false,
    "count": 0,
    "lang": "en",
    "updated": 0
  },
  {
    "id": "92b4d020-2c37-40bf-bf8d-52ad85ae61fc",
    "data": [
      {
        "text": "Provide me the district report",
        "userDefined": false
      }
    ],
    "isTemplate": false,
    "count": 0,
    "lang": "en",
    "updated": 0
  },
  {
    "id": "9a84aa32-3b68-4bdb-83bc-1173403a1119",
    "data": [
      {
        "text": "District report",
        "userDefined": false
      }
    ],
    "isTemplate": false,
    "count": 0,
    "lang": "en",
    "updated": 0
  },
  {
    "id": "3c197da7-0fcb-43b3-a8d0-f4a3f6bc351d",
    "data": [
      {
        "text": "India",
        "meta": "@sys.ignore",
        "userDefined": false
      },
      {
        "text": " District",
        "userDefined": false
      }
    ],
    "isTemplate": false,
    "count": 0,
    "lang": "en",
    "updated": 0
  },
  {
    "id": "ea5c6747-9f36-4df3-8f4b-1fed47a5fb23",
    "data": [
      {
        "text": "Indian District",
        "userDefined": false
      }
    ],
    "isTemplate": false,
    "count": 0,
    "lang": "en",
    "updated": 0
  },
  {
    "id": "da39c91c-a94d-4709-8f4d-a7223912d359",
    "data": [
      {
        "text": "Report District wise",
        "userDefined": false
      }
    ],
    "isTemplate": false,
    "count": 0,
    "lang": "en",
    "updated": 0
  },
  {
    "id": "9c496076-1517-4423-ad3a-73b5537f8d10",
    "data": [
      {
        "text": "show me",
        "meta": "@sys.ignore",
        "userDefined": true
      },
      {
        "text": " district wise report",
        "userDefined": false
      }
    ],
    "isTemplate": false,
    "count": 0,
    "lang": "en",
    "updated": 0
  },
  {
    "id": "7fc24333-174d-4dff-8e63-4beae761991f",
    "data": [
      {
        "text": "Report ",
        "userDefined": false
      },
      {
        "text": "Indian",
        "meta": "@sys.ignore",
        "userDefined": false
      },
      {
        "text": " District wise",
        "userDefined": false
      }
    ],
    "isTemplate": false,
    "count": 0,
    "lang": "en",
    "updated": 0
  }
]