[
  {
    "id": "81d09492-c5ab-48fe-9f99-0c5be4d8b81c",
    "data": [
      {
        "text": "cases in different countries",
        "userDefined": false
      }
    ],
    "isTemplate": false,
    "count": 0,
    "lang": "en",
    "updated": 0
  },
  {
    "id": "b7c5e57d-85af-4dd9-8c13-1b015ac9a94d",
    "data": [
      {
        "text": "covid19 case ",
        "userDefined": false
      },
      {
        "text": "in country",
        "meta": "@sys.ignore",
        "userDefined": false
      }
    ],
    "isTemplate": false,
    "count": 0,
    "lang": "en",
    "updated": 0
  },
  {
    "id": "4cf617ad-e283-4385-8745-7be66ca4fc81",
    "data": [
      {
        "text": "Covid updates in different countries",
        "userDefined": false
      }
    ],
    "isTemplate": false,
    "count": 0,
    "lang": "en",
    "updated": 0
  },
  {
    "id": "b43a5ef6-3fb9-415a-9f7f-d30d8aa77a49",
    "data": [
      {
        "text": "cases in different country",
        "userDefined": false
      }
    ],
    "isTemplate": false,
    "count": 0,
    "lang": "en",
    "updated": 0
  },
  {
    "id": "92d30424-09f4-4972-8ced-a8fd217b675a",
    "data": [
      {
        "text": "number of cases country wise",
        "userDefined": false
      }
    ],
    "isTemplate": false,
    "count": 0,
    "lang": "en",
    "updated": 0
  },
  {
    "id": "634029f5-ae46-4096-8922-6583168eba98",
    "data": [
      {
        "text": "Case in a country",
        "userDefined": false
      }
    ],
    "isTemplate": false,
    "count": 0,
    "lang": "en",
    "updated": 0
  },
  {
    "id": "9d9f53f1-e0a9-401b-bee6-7d432507b4b4",
    "data": [
      {
        "text": "number of cases in each country",
        "userDefined": false
      }
    ],
    "isTemplate": false,
    "count": 0,
    "lang": "en",
    "updated": 0
  },
  {
    "id": "53863bae-344b-4baf-ae3c-7383f6fc1c22",
    "data": [
      {
        "text": "no of cases in countries",
        "userDefined": false
      }
    ],
    "isTemplate": false,
    "count": 0,
    "lang": "en",
    "updated": 0
  },
  {
    "id": "b4a12606-1701-4da8-898f-44a75adb839e",
    "data": [
      {
        "text": "cases in countries",
        "userDefined": false
      }
    ],
    "isTemplate": false,
    "count": 1,
    "lang": "en",
    "updated": 0
  },
  {
    "id": "d5a76817-45d5-4887-9c7f-dc7e06fb67b0",
    "data": [
      {
        "text": "Cases country",
        "userDefined": false
      }
    ],
    "isTemplate": false,
    "count": 0,
    "lang": "en",
    "updated": 0
  },
  {
    "id": "fb0c267c-d516-4404-b26c-a46cc0b6e925",
    "data": [
      {
        "text": "Country wise",
        "userDefined": false
      }
    ],
    "isTemplate": false,
    "count": 0,
    "lang": "en",
    "updated": 0
  },
  {
    "id": "e3d8f679-ab95-4e00-a952-72becab3a8a0",
    "data": [
      {
        "text": "cases country",
        "meta": "@sys.ignore",
        "userDefined": false
      },
      {
        "text": " wise",
        "userDefined": false
      }
    ],
    "isTemplate": false,
    "count": 0,
    "lang": "en",
    "updated": 0
  }
]