[
  {
    "id": "306b23e2-2946-423f-ae9d-540fe5d2803e",
    "data": [
      {
        "text": "Cases World wide",
        "userDefined": false
      }
    ],
    "isTemplate": false,
    "count": 1,
    "lang": "en",
    "updated": 0
  },
  {
    "id": "00654df5-2623-4f37-89dc-a8d1645f5a5d",
    "data": [
      {
        "text": "World wide",
        "userDefined": false
      }
    ],
    "isTemplate": false,
    "count": 1,
    "lang": "en",
    "updated": 0
  },
  {
    "id": "c5c5215f-76b2-475e-a0d7-fc5db53c46ec",
    "data": [
      {
        "text": "World cases",
        "userDefined": false
      }
    ],
    "isTemplate": false,
    "count": 0,
    "lang": "en",
    "updated": 0
  },
  {
    "id": "15c5c341-85b2-44d8-942f-39783e26ba57",
    "data": [
      {
        "text": "world wide cases",
        "userDefined": false
      }
    ],
    "isTemplate": false,
    "count": 0,
    "lang": "en",
    "updated": 0
  }
]